"Timestamp","Choose your favorite girl's baby name","Choose your favorite boy's baby name","Choose your top 3 favorite girl's baby name","Choose your top 3 favorite boy's baby name","Why are they your most favorite names? You can choose all if you feel like these options answer the question. ","Choose top 3 least favorite girls name","Choose top 3 least favorite boys name","Why are they your least favorite names? You can choose all if you feel like these options answer the question.","Would you name your children after your selected favorite name chosen from previous question? if yes, write out both both gender favorite name. if no, give a reason why not.(for both guy and girl baby name)"
"2018/03/26 1:21:05 PM AST","","","","","","","","",""
"2018/03/26 1:33:51 PM AST","Emma","Noah","Amy;Emma;Sophia","John;David;Ethan","Sounds trendy;sound unique","Lisa;Jennifer;Emility","Robert;Christopher;Ethan","Sounds like old people names;Too many people use these names","Emma and Liam "
"2018/03/26 1:47:07 PM AST","Emma","Michael","Amy;Emma;Isabella","Ethan;William;Daniel","Sound familiar;sounds simple","Lisa;Mary;Emility","Robert;John;Jayden","Sounds like old people names;Too many people use these names;Sounds unfamiliar","No"
"2018/03/26 1:54:22 PM AST","Emily","Jacob","Susan;Melissa;Amy","Ethan;William;Daniel","Sound familiar;sound unique","Lisa;Amy;Jessica","Robert;John;Jayden","Too many people use these names","jayden"
"2018/03/26 2:00:02 PM AST","Lisa","Michael","Amy;Sophia;Isabella","John;David;William","Sound familiar","Mary;Jessica;Emility","Christopher;Jayden;Liam","Too many people use these names","Yea"
"2018/03/26 2:04:34 PM AST","Emily","Jacob","Amy;Sophia;Isabella","Robert;William;Daniel","Sound familiar;They sound ok for my son or my daughter.","Lisa;Mary;Jessica","John;Christopher;Ethan","Too many people use these names","No, I want my child to have a unique name."
"2018/03/26 2:08:07 PM AST","Jennifer","Noah","Melissa;Sophia;Isabella","John;Ethan;Daniel","Sounds trendy;sound unique","Lisa;Jessica;Emility","Robert;Christopher;Liam","Too many people use these names","no, because I don't yet."
"2018/03/26 2:10:24 PM AST","Emily","Jacob","Melissa;Amy;Sophia","David;Ethan;Daniel","Sound familiar;sounds simple","Mary;Amy;Jennifer","Christopher;Jayden;Liam","Sounds like old people names;Too complicated.","Emily and Jacob"
"2018/03/26 2:14:31 PM AST","Jessica","Noah","Melissa;Sophia;Isabella","David;William;Daniel","sound unique","Amy;Jennifer;Emility","Robert;John;Ethan","Too simple","no"
"2018/03/26 2:17:02 PM AST","Jessica","Noah","Emma;Sophia;Isabella","John;William;Daniel","Sounds trendy","Lisa;Jennifer;Emility","Robert;John;Ethan","Too many people use these names","No"
"2018/03/26 2:21:10 PM AST","Emma","Noah","Amy;Emma;Sophia","Ethan;William;Daniel","Sounds trendy;sounds simple","Lisa;Mary;Emility","Robert;John;Christopher","Sounds like old people names;Too many people use these names","yes, emma and noah"